{
    "Bird": {
        "bone": 0.5488565479586371,
        "smooth": 0.06007916922535046,
        "angle": 0.05100802535927217,
        "bone_var": 0.024724988266825676,
        "motion_var": 0.0012130640679970384,
        "angle_var": 0.7732639908790588
    },
    "Amphibian": {
        "bone": 0.4637446550852515,
        "smooth": 0.1812401873292769,
        "angle": 0.05403755176227411,
        "bone_var": 0.02926299348473549,
        "motion_var": 0.0004014491569250822,
        "angle_var": 0.7299121618270874
    },
    "Mammal": {
        "bone": 0.4250682545291514,
        "smooth": 0.08710277305844186,
        "angle": 0.059673928396268894,
        "bone_var": 0.031925685703754425,
        "motion_var": 0.0008364011300727725,
        "angle_var": 0.6609697341918945
    },
    "Fish": {
        "bone": 0.5682828970508577,
        "smooth": 0.11335445100241344,
        "angle": 0.043845883839856575,
        "bone_var": 0.023879747837781906,
        "motion_var": 0.0006424679886549711,
        "angle_var": 0.8995753526687622
    },
    "Reptile": {
        "bone": 0.38870015314451783,
        "smooth": 0.17891488410036083,
        "angle": 0.05502350686001755,
        "bone_var": 0.03491285443305969,
        "motion_var": 0.00040667966823093593,
        "angle_var": 0.7168329954147339
    },
    "Reptile / Turtle": {
        "bone": 0.41071248231533014,
        "smooth": 0.08374811387517714,
        "angle": 0.06347377519878065,
        "bone_var": 0.03304162994027138,
        "motion_var": 0.0008699445170350373,
        "angle_var": 0.6214008331298828
    },
    "Fish / Large swimmer": {
        "bone": 0.433261507100959,
        "smooth": 0.05680969225912426,
        "angle": 0.044427312718922314,
        "bone_var": 0.031321931630373,
        "motion_var": 0.0012829351471737027,
        "angle_var": 0.8878024220466614
    },
    "Reptile / Snake": {
        "bone": 0.75,
        "smooth": 0.3,
        "angle": 0.03862848010749534,
        "bone_var": 0.00806649774312973,
        "motion_var": 0.00018225517123937607,
        "angle_var": 1.0210777521133423
    },
    "default": {
        "bone": 0.5,
        "smooth": 0.1,
        "angle": 0.05
    }
}